"DESCRIPTION","DURATION IN MS","NAME","PARENT SUITE","START TIME","STATUS","STOP TIME","SUB SUITE","SUITE","TEST CLASS","TEST METHOD"
"","5649","1.1.3 validation message for missing permissions","Add User","Mon May 19 21:50:54 UTC 2025","failed","Mon May 19 21:50:59 UTC 2025","","1.1 Org Admin","",""
"","89564","2. Edit and verify all values on Item View page -- keep the previous values in multiselect fields  - Tags & Item Belongs To; 2.1. hitting *enter* button does not wipe out Additional Barcode","","Mon May 19 21:26:44 UTC 2025","passed","Mon May 19 21:28:14 UTC 2025","","Edit Item","",""
"","33086","3. Edit and verify reduced number of values on Person View page - Business Name","","Mon May 19 21:31:50 UTC 2025","passed","Mon May 19 21:32:23 UTC 2025","","Edit Person","",""
"","5","5 Five thousand notes for Item and verify notes count on search","","Mon May 19 21:17:13 UTC 2025","skipped","Mon May 19 21:17:13 UTC 2025","","Import Notes","",""
"","1","1.3 Org Admin-- minimum case fields -- redirect to Add Item page","Add Case","Mon May 19 21:17:03 UTC 2025","skipped","Mon May 19 21:17:03 UTC 2025","","1. --- No Case Number formatting in Org/Office, AutoDispo ON","",""
"","0","2. Import update for item status (Check Out transaction)","","Mon May 19 21:16:17 UTC 2025","skipped","Mon May 19 21:16:17 UTC 2025","","Import Item Updates","",""
"","31662","2. Edit and verify reduced number of values on Person View page - First & Last Name","","Mon May 19 21:31:17 UTC 2025","passed","Mon May 19 21:31:49 UTC 2025","","Edit Person","",""
"","12174","1.4. redirect to Case View page","Add Person","Mon May 19 21:44:22 UTC 2025","passed","Mon May 19 21:44:34 UTC 2025","","1. Org Admin","",""
"","29318","4.1 verify Org Default Case Number Prefix, clear a default value and save the other one","Add Case","Mon May 19 21:19:39 UTC 2025","passed","Mon May 19 21:20:08 UTC 2025","","4. --- with Default Case Number in Org ","",""
"","673","2. Import and verify Person with minimum fields","","Mon May 19 21:17:24 UTC 2025","failed","Mon May 19 21:17:25 UTC 2025","","Import People","",""
"","0","I.C_5 Case Import - Precheck Only","","Mon May 19 21:16:08 UTC 2025","skipped","Mon May 19 21:16:08 UTC 2025","","Import Cases","",""
"","0","I.C_3 Case with custom fields","","Mon May 19 21:16:08 UTC 2025","skipped","Mon May 19 21:16:08 UTC 2025","","Import Cases","",""
"","18361","Add User ","","Mon May 19 21:48:29 UTC 2025","failed","Mon May 19 21:48:48 UTC 2025","","Add User","",""
"","638","3 Import Notes for Case - Precheck Only","","Mon May 19 21:17:13 UTC 2025","failed","Mon May 19 21:17:13 UTC 2025","","Import Notes","",""
"","87936","1. Edit and verify all values on Item View page -- replace the current values in multiselect fields - Tags & Item Belongs To","","Mon May 19 21:25:15 UTC 2025","passed","Mon May 19 21:26:43 UTC 2025","","Edit Item","",""
"","1","1. Import Person with all updated fields","","Mon May 19 21:17:34 UTC 2025","broken","Mon May 19 21:17:34 UTC 2025","","Import People Updates","",""
"","174","2. Verify Transfer transaction and enabled/disabled actions for Checked Out item","","Mon May 19 21:37:23 UTC 2025","failed","Mon May 19 21:37:23 UTC 2025","","Item Transactions & Actions","",""
"","7506","2.1 verify that user can add all values but can select only Storage Location(s) that s/he has access to","Add Item","Mon May 19 21:31:57 UTC 2025","failed","Mon May 19 21:32:04 UTC 2025","","2 Power User -- all permissions in Office, with and without access to Storage Location","",""
"","137","3. Scanning 1000 items during Inventory report","Inventory Reports","Mon May 19 21:15:50 UTC 2025","failed","Mon May 19 21:15:50 UTC 2025","","2. Scanning 1000 items","",""
"","2","I.N_5 Five thousand tasks and verify count on search","","Mon May 19 21:16:42 UTC 2025","skipped","Mon May 19 21:16:42 UTC 2025","","Import Tasks","",""
"","43338","A.M_1. Add Media to Case","","Mon May 19 21:39:49 UTC 2025","passed","Mon May 19 21:40:32 UTC 2025","","Add Media","",""
"","591","9 Validation messages for blank values","","Mon May 19 21:17:15 UTC 2025","failed","Mon May 19 21:17:16 UTC 2025","","Import Notes","",""
"","203","1.1.1 'equals' correct Person's name","Search Checkouts","Mon May 19 21:16:14 UTC 2025","failed","Mon May 19 21:16:14 UTC 2025","1.1 Checked Out To","1 Org Admin","",""
"","5747","1.4. Add item from Item Search -- redirect to Case View /Items tab","Add Item","Mon May 19 21:29:07 UTC 2025","failed","Mon May 19 21:29:13 UTC 2025","","1. Org Admin","",""
"","21666","6. Auto-Assigned Case Number -- Case Number can be edited when Auto-assigning of Case Numbers is enabled for new cases","","Mon May 19 21:22:51 UTC 2025","passed","Mon May 19 21:23:13 UTC 2025","","Edit Case","",""
"","0","1.6. Create and run DR for single parent location - multiple Discrepancies Found","Inventory Reports","Mon May 19 21:15:48 UTC 2025","skipped","Mon May 19 21:15:48 UTC 2025","","1. Parent/child locations with items but without containers","",""
"","5276","1.3. Add Item from Case View /Items tab -- redirect to Add Item page again","Add Item","Mon May 19 21:29:02 UTC 2025","failed","Mon May 19 21:29:07 UTC 2025","","1. Org Admin","",""
"","0","4 Validation messages for wrongly formatted values","","Mon May 19 21:16:33 UTC 2025","skipped","Mon May 19 21:16:33 UTC 2025","","Import Legacy Chain of Custody","",""
"","86005","3.1 Verify ""Re-Distribute"" for ""Past Due"" cases","Auto-Disposition","Mon May 19 21:17:04 UTC 2025","failed","Mon May 19 21:18:30 UTC 2025","","3. Verify ""Re-Distribute Case Review Dates"" functionality","",""
"","0","I.C_4 Five thousand cases and verify cases count on search by ","","Mon May 19 21:16:08 UTC 2025","skipped","Mon May 19 21:16:08 UTC 2025","","Import Cases","",""
"","773","1 Import Notes for Case","","Mon May 19 21:17:11 UTC 2025","failed","Mon May 19 21:17:12 UTC 2025","","Import Notes","",""
"","604","I.T_1.2 Import Legacy Tasks for Case - Precheck Only","","Mon May 19 21:16:42 UTC 2025","failed","Mon May 19 21:16:42 UTC 2025","","Import Tasks","",""
"","699","7 Validation messages for wrongly formatted values","","Mon May 19 21:17:14 UTC 2025","failed","Mon May 19 21:17:15 UTC 2025","","Import Notes","",""
"","3977","1.9. Only active people should show up in ""Recovered By"" field when searching by first/middle/last name or email","Add Item","Mon May 19 21:31:53 UTC 2025","failed","Mon May 19 21:31:57 UTC 2025","","1. Org Admin","",""
"","16187","1.2. Optional fields disabled -- redirect to View Added Item -- Item Belongs To Shows All People"" turned OFF in Org Settings -- multiple values selected for ""Item Belongs to"" and Tags","Add Item","Mon May 19 21:28:45 UTC 2025","failed","Mon May 19 21:29:01 UTC 2025","","1. Org Admin","",""
"","1","1.1. DR for single parent location - No Discrepancies Found","Inventory Reports","Mon May 19 21:15:48 UTC 2025","broken","Mon May 19 21:15:48 UTC 2025","","1. Parent/child locations with items but without containers","",""
"","538","1. Verify list of already existing services are in place and all listed services have a green status","","Mon May 19 21:17:02 UTC 2025","failed","Mon May 19 21:17:03 UTC 2025","","System Services Page: verify the existing Services are in place, if a new Service gets added =>check the status for all of those","",""
"","0","4. Import update for item status (Disposal transaction)","","Mon May 19 21:16:17 UTC 2025","skipped","Mon May 19 21:16:17 UTC 2025","","Import Item Updates","",""
"","1","I.C.U_1. Import Case Updates - all fields -- user and user group in Case Officer(s) field","","Mon May 19 21:15:59 UTC 2025","broken","Mon May 19 21:15:59 UTC 2025","","Import Case Updates","",""
"","231","1.1.1 equals {email of the user (current user) who created a case}","Cases Search","Mon May 19 21:16:07 UTC 2025","failed","Mon May 19 21:16:07 UTC 2025","1.1 Created By","1 Org Admin","",""
"","68890","3.5 --- Splitting item with Currency Form attached","Add Item","Mon May 19 21:37:15 UTC 2025","passed","Mon May 19 21:38:24 UTC 2025","","3 Add Item with Custom Form","",""
"","0","2 Import Locations with required fields - verify default properties","","Mon May 19 21:16:52 UTC 2025","skipped","Mon May 19 21:16:52 UTC 2025","","Import Locations","",""
"","2","1.1 Org Admin-- All fields enabled -- redirect to View Added Case","Add Case","Mon May 19 21:17:03 UTC 2025","broken","Mon May 19 21:17:03 UTC 2025","","1. --- No Case Number formatting in Org/Office, AutoDispo ON","",""
"","14484","1.1.1 Add task with required fields only -- Unassigned-- keep template content-- search for task on the grid by Creator name-- verify values on grid","Add Task","Mon May 19 21:48:04 UTC 2025","failed","Mon May 19 21:48:18 UTC 2025","","1.1 Org Admin","",""
"","0","1.4. Create and run DR for multiple parent and child locations - starting with Child loc -  No Discrepancies Found","Inventory Reports","Mon May 19 21:15:48 UTC 2025","skipped","Mon May 19 21:15:48 UTC 2025","","1. Parent/child locations with items but without containers","",""
"","8952","1.3.2 --- with required Custom Form but not filled out, all optional fields on Form","Add User","Mon May 19 21:51:54 UTC 2025","failed","Mon May 19 21:52:03 UTC 2025","","1.3 --- with Custom Forms","",""
"","74810","3.1. --- with required Custom Form filled out, all required fields on Form","Add Person","Mon May 19 21:44:43 UTC 2025","failed","Mon May 19 21:45:58 UTC 2025","","3. Add Person with Custom Form","",""
"","0","1.5. Create and run DR for multiple parent and child locations  - starting with Child loc - switching back to parent location-  No Discrepancies Found","Inventory Reports","Mon May 19 21:15:48 UTC 2025","skipped","Mon May 19 21:15:48 UTC 2025","","1. Parent/child locations with items but without containers","",""
"","29651","6.1 verify Auto Assigned Case Number with Default Case Number Prefix","Add Case","Mon May 19 21:21:43 UTC 2025","passed","Mon May 19 21:22:12 UTC 2025","","6. --- with Auto Assigned Case Number ","",""
"","52610","1.1 All fields enabled -- ""Item Belongs To Shows All People"" turned ON in Org Settings -- multiple people not linked to Primary Case are selected in ""Item Belongs to"" field ","Add Item","Mon May 19 21:27:52 UTC 2025","passed","Mon May 19 21:28:45 UTC 2025","","1. Org Admin","",""
"","37536","5.1 verify Office Default Case Number Prefix","Add Case","Mon May 19 21:21:00 UTC 2025","failed","Mon May 19 21:21:37 UTC 2025","","5. --- with Default Case Number in Office ","",""
"","625","I.U_1 Import User with all fields - Precheck Only","","Mon May 19 21:17:44 UTC 2025","failed","Mon May 19 21:17:45 UTC 2025","","Import Users","",""
"","1","1. Import updates for all item fields","","Mon May 19 21:16:17 UTC 2025","broken","Mon May 19 21:16:17 UTC 2025","","Import Item Updates","",""
"","8996","2.1. verify that user can add all values","Add Person","Mon May 19 21:44:34 UTC 2025","failed","Mon May 19 21:44:43 UTC 2025","","2. Power User -- all permissions in Office","",""
"","37055","1.6. Add Item from Person View/ Items Recovered By -- redirect to Item View/ Notes tab","Add Item","Mon May 19 21:29:49 UTC 2025","passed","Mon May 19 21:30:26 UTC 2025","","1. Org Admin","",""
"","652","8 Validation messages for invalid values","","Mon May 19 21:17:15 UTC 2025","failed","Mon May 19 21:17:15 UTC 2025","","Import Notes","",""
"","44759","1.8. Add Item from Person View/ Items Custodian tab -- redirect to Split Item page and complete the action","Add Item","Mon May 19 21:31:07 UTC 2025","passed","Mon May 19 21:31:52 UTC 2025","","1. Org Admin","",""
"","37529","1.1. All fields enabled -- redirect to View Added Person","Add Person","Mon May 19 21:43:08 UTC 2025","passed","Mon May 19 21:43:46 UTC 2025","","1. Org Admin","",""
"","0","1.5 Org Admin-- minimum case fields -- redirect to Media tab on Case View page","Add Case","Mon May 19 21:17:03 UTC 2025","skipped","Mon May 19 21:17:03 UTC 2025","","1. --- No Case Number formatting in Org/Office, AutoDispo ON","",""
"","108701","3.2 --- with required Custom Form but not filled out, all optional fields on Form","Add Item","Mon May 19 21:33:32 UTC 2025","failed","Mon May 19 21:35:21 UTC 2025","","3 Add Item with Custom Form","",""
"","18751","A.M_3. Add Media to Person","","Mon May 19 21:40:54 UTC 2025","passed","Mon May 19 21:41:12 UTC 2025","","Add Media","",""
"","58046","2. Edit and verify all values on Case View page -- keep the previous values and add new ones in multiselect fields (Case Officers, Tags)","","Mon May 19 21:20:15 UTC 2025","passed","Mon May 19 21:21:13 UTC 2025","","Edit Case","",""
"","0","6 Validation messages for blank values","","Mon May 19 21:16:33 UTC 2025","skipped","Mon May 19 21:16:33 UTC 2025","","Import Legacy Chain of Custody","",""
"","706","2 Import Media - Precheck Only","","Mon May 19 21:17:03 UTC 2025","failed","Mon May 19 21:17:03 UTC 2025","","Import Media","",""
"","1","I.C_1 Case with all fields -- user and user group in Case Officer(s) field","","Mon May 19 21:16:08 UTC 2025","broken","Mon May 19 21:16:08 UTC 2025","","Import Cases","",""
"","40979","1.7. Add Item from Person View/ ""Items Belonging to"" tab -- redirect to Add Duplicate Item page and complete the action","Add Item","Mon May 19 21:30:26 UTC 2025","passed","Mon May 19 21:31:07 UTC 2025","","1. Org Admin","",""
"","520","2.2 Confirmation on warning modal completes login and logs out user on other machine","Login page","Mon May 19 21:16:44 UTC 2025","failed","Mon May 19 21:16:44 UTC 2025","","2. Warning that user is logged in on other browser or device","",""
"","1","2 Import Person with all updated fields - Precheck Only","","Mon May 19 21:17:34 UTC 2025","skipped","Mon May 19 21:17:34 UTC 2025","","Import People Updates","",""
"","8932","1.3.1 --- with required Custom Form filled out, all required fields on Form","Add User","Mon May 19 21:51:45 UTC 2025","failed","Mon May 19 21:51:54 UTC 2025","","1.3 --- with Custom Forms","",""
"","0","3 Validation messages for not mapped fields","","Mon May 19 21:16:33 UTC 2025","skipped","Mon May 19 21:16:33 UTC 2025","","Import Legacy Chain of Custody","",""
"","40241","7. Remove all optional values & check history records","","Mon May 19 21:23:13 UTC 2025","passed","Mon May 19 21:23:53 UTC 2025","","Edit Case","",""
"","46635","3. Edit and verify reduced number of values on Case View page -- enter User Group instead of User as Case Officer","","Mon May 19 21:21:15 UTC 2025","passed","Mon May 19 21:22:01 UTC 2025","","Edit Case","",""
"","1","5. Import update for item status (Undispose transaction)","","Mon May 19 21:16:17 UTC 2025","skipped","Mon May 19 21:16:17 UTC 2025","","Import Item Updates","",""
"","1","2. Item with all fields - Disposed Status","","Mon May 19 21:16:25 UTC 2025","broken","Mon May 19 21:16:25 UTC 2025","","Import Items","",""
"","21808","2.1 verify Org Case Number Format and check that Case Review Date/Notes is NOT displayed for Org Admin","Add Case","Mon May 19 21:17:08 UTC 2025","passed","Mon May 19 21:17:29 UTC 2025","","2. --- with Case Number formatting in Org, AutoDispo OFF ","",""
"","578","2.1 Cancelling warning keeps user logged in on other machine","Login page","Mon May 19 21:16:43 UTC 2025","failed","Mon May 19 21:16:44 UTC 2025","","2. Warning that user is logged in on other browser or device","",""
"","21355","A.M_2. Add Media to Item","","Mon May 19 21:40:32 UTC 2025","passed","Mon May 19 21:40:54 UTC 2025","","Add Media","",""
"","15516","A.M_4. Add Media to Task","","Mon May 19 21:41:12 UTC 2025","passed","Mon May 19 21:41:28 UTC 2025","","Add Media","",""
"","35399","1.1.4 validation message for inactive user account","Add User","Mon May 19 21:50:59 UTC 2025","passed","Mon May 19 21:51:35 UTC 2025","","1.1 Org Admin","",""
"","1","1.7 Power User can add case and view/enter/update Review Date/Notes when having AutoDispo permissions","Add Case","Mon May 19 21:17:03 UTC 2025","skipped","Mon May 19 21:17:03 UTC 2025","","1. --- No Case Number formatting in Org/Office, AutoDispo ON","",""
"","63541","A.N_1. Add Note to Case","","Mon May 19 21:41:49 UTC 2025","failed","Mon May 19 21:42:52 UTC 2025","","Add Notes","",""
"","1","1 Import Legacy Chain of Custody - Checked In transaction","","Mon May 19 21:16:33 UTC 2025","broken","Mon May 19 21:16:33 UTC 2025","","Import Legacy Chain of Custody","",""
"","44570","8.1 verify that required custom form is attached to the case with blank fields","Add Case","Mon May 19 21:24:07 UTC 2025","passed","Mon May 19 21:24:52 UTC 2025","","8. --- with required Custom Form but not filled out, all optional fields on Form","",""
"","18584","1. Edit and verify all values on Person View page","","Mon May 19 21:30:59 UTC 2025","failed","Mon May 19 21:31:17 UTC 2025","","Edit Person","",""
"","64468","1.1.1. add user with all fields -- log in with newly created account","Add User","Mon May 19 21:49:13 UTC 2025","passed","Mon May 19 21:50:17 UTC 2025","","1.1 Org Admin","",""
"","0","1.7. Create and run DR for single child location - multiple Discrepancies Found","Inventory Reports","Mon May 19 21:15:48 UTC 2025","skipped","Mon May 19 21:15:48 UTC 2025","","1. Parent/child locations with items but without containers","",""
"","108090","1 Edit newly added user, change all values, verify on the grid, and check all/active/inactive filters","","Mon May 19 21:33:06 UTC 2025","failed","Mon May 19 21:34:54 UTC 2025","","Edit User","",""
"","3","5 Five thousand notes for Case and verify notes count on search","","Mon May 19 21:17:13 UTC 2025","skipped","Mon May 19 21:17:13 UTC 2025","","Import Notes","",""
"","18416","4. Add a Person with disabled fields & check if those are shown up on Person Edit page after enabling all of the rest of the fields and editing Business Name / First Name / Last Name","","Mon May 19 21:32:24 UTC 2025","passed","Mon May 19 21:32:42 UTC 2025","","Edit Person","",""
"","23417","5. Case Number Formatting at Office level -- old case that was saved without formatting can be edited without changing Case Number or changing it with proper format","","Mon May 19 21:22:28 UTC 2025","passed","Mon May 19 21:22:51 UTC 2025","","Edit Case","",""
"","0","1.2. DR for single child location - No Discrepancies Found","Inventory Reports","Mon May 19 21:15:48 UTC 2025","skipped","Mon May 19 21:15:48 UTC 2025","","1. Parent/child locations with items but without containers","",""
"","784","3. Import Person with all fields - Precheck Only","","Mon May 19 21:17:25 UTC 2025","failed","Mon May 19 21:17:26 UTC 2025","","Import People","",""
"","605","6 Validation messages for not mapped fields","","Mon May 19 21:17:13 UTC 2025","failed","Mon May 19 21:17:14 UTC 2025","","Import Notes","",""
"","465","1. Report from Case View page - Items tab","Reports","Mon May 19 21:16:51 UTC 2025","failed","Mon May 19 21:16:52 UTC 2025","","Verify generating and opening Report ""Primary Label 4X3""","",""
"","128","1.2 Validation messages","","Mon May 19 21:16:43 UTC 2025","failed","Mon May 19 21:16:43 UTC 2025","","Login page","",""
"","0","1.4 Org Admin-- minimum case fields -- redirect to Add Person page","Add Case","Mon May 19 21:17:03 UTC 2025","skipped","Mon May 19 21:17:03 UTC 2025","","1. --- No Case Number formatting in Org/Office, AutoDispo ON","",""
"","0","3. Import update for item status (Move transaction)","","Mon May 19 21:16:17 UTC 2025","skipped","Mon May 19 21:16:17 UTC 2025","","Import Item Updates","",""
"","65685","3.4 --- Duplicating item with Currency Form attached","Add Item","Mon May 19 21:36:09 UTC 2025","passed","Mon May 19 21:37:15 UTC 2025","","3 Add Item with Custom Form","",""
"","16935","1.3. Business Name populated only -- redirect to Add Item page","Add Person","Mon May 19 21:44:05 UTC 2025","passed","Mon May 19 21:44:22 UTC 2025","","1. Org Admin","",""
"","0","5 Validation messages for invalid values","","Mon May 19 21:16:33 UTC 2025","skipped","Mon May 19 21:16:33 UTC 2025","","Import Legacy Chain of Custody","",""
"","121","2.1. Create and run DR for 2 storage locations that have: container with item, empty container, sub-location, empty sub-container and sub-container with item - No Discrepancies Found","Inventory Reports","Mon May 19 21:15:49 UTC 2025","failed","Mon May 19 21:15:49 UTC 2025","","2. Parent/child locations with items and containers","",""
"","581","3 Import Locations - Precheck Only","","Mon May 19 21:16:52 UTC 2025","failed","Mon May 19 21:16:53 UTC 2025","","Import Locations","",""
"","1","1.3. DR for multiple parent and child locations - starting with Parent loc - No Discrepancies Found","Inventory Reports","Mon May 19 21:15:48 UTC 2025","skipped","Mon May 19 21:15:48 UTC 2025","","1. Parent/child locations with items but without containers","",""
"","0","1.2 Org Admin-- minimum case fields -- redirect to Add Case page again","Add Case","Mon May 19 21:17:03 UTC 2025","skipped","Mon May 19 21:17:03 UTC 2025","","1. --- No Case Number formatting in Org/Office, AutoDispo ON","",""
"","24281","4.2 verify Org Default Case Number Prefix, keep a default value as part of the Case Number","Add Case","Mon May 19 21:20:09 UTC 2025","passed","Mon May 19 21:20:33 UTC 2025","","4. --- with Default Case Number in Org ","",""
"","3965","U.A_1. Send verification email","","Mon May 19 21:16:31 UTC 2025","failed","Mon May 19 21:16:35 UTC 2025","","User Actions","",""
"","0","1.6 Org Admin-- minimum case fields -- redirect to Notes tab on Case View page","Add Case","Mon May 19 21:17:03 UTC 2025","skipped","Mon May 19 21:17:03 UTC 2025","","1. --- No Case Number formatting in Org/Office, AutoDispo ON","",""
"","0","I.C.U_2 Case Updates Import - Precheck Only","","Mon May 19 21:15:59 UTC 2025","skipped","Mon May 19 21:15:59 UTC 2025","","Import Case Updates","",""
"","691","I.U_1 Import and verify User with all fields","","Mon May 19 21:17:44 UTC 2025","failed","Mon May 19 21:17:44 UTC 2025","","Import Users","",""
"","11394","3.2 verify Office Case Number Format with custom validation message","Add Case","Mon May 19 21:19:23 UTC 2025","passed","Mon May 19 21:19:35 UTC 2025","","3. --- with Case Number formatting in Office ","",""
"","159","S.I_1. Search by Item Description","","Mon May 19 21:16:23 UTC 2025","failed","Mon May 19 21:16:24 UTC 2025","","Search Item","",""
"","1","1 Import Locations with all fields","","Mon May 19 21:16:52 UTC 2025","broken","Mon May 19 21:16:52 UTC 2025","","Import Locations","",""
"","47020","3. Remove all optional values & check history records","","Mon May 19 21:28:14 UTC 2025","passed","Mon May 19 21:29:01 UTC 2025","","Edit Item","",""
"","25130","4.  Case Number Formatting at Org level -- old case that was saved without formatting can be edited without changing Case Number or changing it with proper format","","Mon May 19 21:22:02 UTC 2025","passed","Mon May 19 21:22:27 UTC 2025","","Edit Case","",""
"","71986","9.1 verify multiple Users and Groups can be saved in Case Officers field and Custom User/User Group","Add Case","Mon May 19 21:24:59 UTC 2025","passed","Mon May 19 21:26:11 UTC 2025","","9. --- with multiple users/groups in Case Officers field","",""
"","99193","7.1 verify all values are properly saved to the custom form -single user in custom User/User Group field","Add Case","Mon May 19 21:22:20 UTC 2025","passed","Mon May 19 21:24:00 UTC 2025","","7. --- with required Custom Form filled out, all required fields on Form","",""
"","21399","5. Add an Item with disabled non required / required fields & check if those are shown up on Item Edit page after enabling","","Mon May 19 21:29:35 UTC 2025","passed","Mon May 19 21:29:56 UTC 2025","","Edit Item","",""
"","20087","8. Add a Case with disabled fields & check if required fields are displayed properly on Case Edit page after enabling","","Mon May 19 21:23:54 UTC 2025","passed","Mon May 19 21:24:14 UTC 2025","","Edit Case","",""
"","361100","Add Dispo Task with 11 1DA items and assign to Org Admin, --set different actions for item using all variations--using Actions menu and grid, --check statuses and notes upon submission","","Mon May 19 21:52:37 UTC 2025","failed","Mon May 19 21:58:39 UTC 2025","","Dispo Auth","",""
"","29417","3.1 verify Office Case Number Format with default validation message","Add Case","Mon May 19 21:18:54 UTC 2025","failed","Mon May 19 21:19:23 UTC 2025","","3. --- with Case Number formatting in Office ","",""
"","31563","4. Edit and verify reduced number of values on Item View page ","","Mon May 19 21:29:03 UTC 2025","passed","Mon May 19 21:29:34 UTC 2025","","Edit Item","",""
"","35935","1.5. Add item from Scan page -- redirect to Item View/Media tab","Add Item","Mon May 19 21:29:13 UTC 2025","passed","Mon May 19 21:29:49 UTC 2025","","1. Org Admin","",""
"","576","1 Import Media","","Mon May 19 21:17:02 UTC 2025","failed","Mon May 19 21:17:03 UTC 2025","","Import Media","",""
"","21374","4.3 verify Org Default Case Number Prefix and Org Formatting pattern, before and after page reload","Add Case","Mon May 19 21:20:33 UTC 2025","passed","Mon May 19 21:20:55 UTC 2025","","4. --- with Default Case Number in Org ","",""
"","86488","3.2. --- with required Custom Form but not filled out, all optional fields on Form","Add Person","Mon May 19 21:45:58 UTC 2025","failed","Mon May 19 21:47:25 UTC 2025","","3. Add Person with Custom Form","",""
"","36181","1.1.2. add user with required fields only","Add User","Mon May 19 21:50:17 UTC 2025","passed","Mon May 19 21:50:53 UTC 2025","","1.1 Org Admin","",""
"","101546","2.1 Add User to a Group, then add to another Group --> Verify that previous User Group is not overwritten","","Mon May 19 21:34:54 UTC 2025","passed","Mon May 19 21:36:36 UTC 2025","","Edit User","",""
"","0","6. Import update for item status (CheckIn transaction)","","Mon May 19 21:16:17 UTC 2025","skipped","Mon May 19 21:16:17 UTC 2025","","Import Item Updates","",""
"","670","I.T_1.1 Import Legacy Tasks for Case","","Mon May 19 21:16:41 UTC 2025","failed","Mon May 19 21:16:42 UTC 2025","","Import Tasks","",""
"","10288","1.2.1. Office Admin can create a new user account","Add User","Mon May 19 21:51:35 UTC 2025","failed","Mon May 19 21:51:45 UTC 2025","","1.2 Power User -- all permissions in Office","",""
"","966","1.8. Create and run DR for multiple storage locations - multiple Discrepancies Found","Inventory Reports","Mon May 19 21:15:48 UTC 2025","failed","Mon May 19 21:15:49 UTC 2025","","1. Parent/child locations with items but without containers","",""
"","1","2 Import Legacy Chain of Custody - Precheck Only","","Mon May 19 21:16:33 UTC 2025","skipped","Mon May 19 21:16:33 UTC 2025","","Import Legacy Chain of Custody","",""
"","144","2.2. Scanning some barcodes multiple times and checking all types of discrepancies in one Report: ""Barcode valid but not found in the system""""Items Not Scanned"", ""Wrong Storage Location"",""Container Not Scanned"",""Containers in Wrong Location""","Inventory Reports","Mon May 19 21:15:49 UTC 2025","failed","Mon May 19 21:15:49 UTC 2025","","2. Parent/child locations with items and containers","",""
"","0","7. Item Updates Import - Precheck Only","","Mon May 19 21:16:17 UTC 2025","skipped","Mon May 19 21:16:17 UTC 2025","","Import Item Updates","",""
"","1","I.C_2 Case with minimum number of fields","","Mon May 19 21:16:08 UTC 2025","skipped","Mon May 19 21:16:08 UTC 2025","","Import Cases","",""
"","683","1.1 Email & Task - when Case created - all records - 1 user as email recipient","Workflows","Mon May 19 21:17:11 UTC 2025","failed","Mon May 19 21:17:12 UTC 2025","","1. Case Workflows - all case fields enabled in Org Settings","",""
"","61749","1. Edit and verify all values on Case View page -- replace the current values in multiselect fields (Case Officers, Tags)","","Mon May 19 21:19:11 UTC 2025","passed","Mon May 19 21:20:13 UTC 2025","","Edit Case","",""
"","724","2 Import Notes for Item","","Mon May 19 21:17:12 UTC 2025","failed","Mon May 19 21:17:13 UTC 2025","","Import Notes","",""
"","78549","2.2 verify Org Case Number Format with custom validation message","Add Case","Mon May 19 21:17:30 UTC 2025","failed","Mon May 19 21:18:48 UTC 2025","","2. --- with Case Number formatting in Org, AutoDispo OFF ","",""
"","47575","3.3 --- with required Currency Form attached - System Template","Add Item","Mon May 19 21:35:21 UTC 2025","passed","Mon May 19 21:36:09 UTC 2025","","3 Add Item with Custom Form","",""
"","88254","3.1 --- with required Custom Form filled out, all required fields on Form","Add Item","Mon May 19 21:32:04 UTC 2025","failed","Mon May 19 21:33:32 UTC 2025","","3 Add Item with Custom Form","",""
"","615","1.1 all fields turned on and edited, ""overwrite existing values"" turned OFF","Mass Update Cases","Mon May 19 21:15:58 UTC 2025","failed","Mon May 19 21:15:58 UTC 2025","","1. all fields enabled in Org Settings","",""
"","3","A.U_3. Add External User","Add User","Mon May 19 21:51:35 UTC 2025","skipped","Mon May 19 21:51:35 UTC 2025","","1.1 Org Admin","",""
"","670","1. Import and verify People with all fields - 1 person linked to 1 case, other person linked to 2 cases","","Mon May 19 21:17:24 UTC 2025","failed","Mon May 19 21:17:24 UTC 2025","","Import People","",""
"","19215","1.2. Optional fields disabled -- First & Last Name populated -- redirect to Add Person page again","Add Person","Mon May 19 21:43:46 UTC 2025","passed","Mon May 19 21:44:05 UTC 2025","","1. Org Admin","",""
